;ziel_pfad;alt_url
https://www.wunschkennzeichen-reservieren.de/kfz-kennzeichen/;/kfz-ratgeber/;
https://www.wunschkennzeichen-reservieren.de/kfz-kennzeichen/3d-kennzeichen/;/kfz-ratgeber/3d-kennzeichen/;
https://www.wunschkennzeichen-reservieren.de/kfz-kennzeichen/altkennzeichen-infografik/;/kfz-ratgeber/altkennzeichen/;
https://www.wunschkennzeichen-reservieren.de/kfz-kennzeichen/ausfuhrkennzeichen/;/kfz-ratgeber/ausfuhrkennzeichen/;
https://www.wunschkennzeichen-reservieren.de/kfz-kennzeichen/e-kennzeichen/;/kfz-ratgeber/e-kennzeichen/;
https://www.wunschkennzeichen-reservieren.de/kfz-kennzeichen/eu-kennzeichen/;/kfz-ratgeber/eu-kennzeichen/;
https://www.wunschkennzeichen-reservieren.de/kfz-kennzeichen/gruenes-kennzeichen/;/kfz-ratgeber/gruenes-kennzeichen/;
https://www.wunschkennzeichen-reservieren.de/kfz-kennzeichen/internationale-kfzkennzeichen/;/kfz-ratgeber/eu-kennzeichen/;
https://www.wunschkennzeichen-reservieren.de/kfz-kennzeichen/kennzeichen-verloren-oder-gestohlen/;/kfz-ratgeber/kennzeichen-verloren-gestohlen/;
https://www.wunschkennzeichen-reservieren.de/kfz-kennzeichen/kennzeichengroesse/;/kfz-ratgeber/kennzeichengroesse/;
https://www.wunschkennzeichen-reservieren.de/kfz-kennzeichen/kurzzeitkennzeichen/;/kfz-ratgeber/kurzzeitkennzeichen/;
https://www.wunschkennzeichen-reservieren.de/kfz-kennzeichen/motorradkennzeichen/;/kfz-ratgeber/motorradkennzeichen/;
https://www.wunschkennzeichen-reservieren.de/kfz-kennzeichen/oldtimer-kennzeichen/;/kfz-ratgeber/h-kennzeichen/;
https://www.wunschkennzeichen-reservieren.de/kfz-kennzeichen/oldtimer-saisonkennzeichen/;/kfz-ratgeber/saisonkennzeichen/;
https://www.wunschkennzeichen-reservieren.de/kfz-kennzeichen/rotes-kennzeichen/;/kfz-ratgeber/rotes-kennzeichen/;
https://www.wunschkennzeichen-reservieren.de/kfz-kennzeichen/saisonkennzeichen/;/kfz-ratgeber/saisonkennzeichen/;
https://www.wunschkennzeichen-reservieren.de/kfz-kennzeichen/selbstleuchtendes-kennzeichen/;/kfz-ratgeber/selbstleuchtendes-kennzeichen/;
https://www.wunschkennzeichen-reservieren.de/kfz-kennzeichen/us-streitkraefte-in-deutschland/;/kfz-ratgeber/us-streitkraefte-in-deutschland/;
https://www.wunschkennzeichen-reservieren.de/kfz-kennzeichen/verbotene-kennzeichen/;/kfz-ratgeber/verbotene-wunschkennzeichen/;
https://www.wunschkennzeichen-reservieren.de/kfz-kennzeichen/versicherungskennzeichen/;/kfz-ratgeber/versicherungskennzeichen/;
https://www.wunschkennzeichen-reservieren.de/kfz-kennzeichen/wechselkennzeichen/;/kfz-ratgeber/wechselkennzeichen/;
https://www.wunschkennzeichen-reservieren.de/kfz-kennzeichen/weitere-kennzeichen/;/kfz-ratgeber/behoerdenkennzeichen/;
https://www.wunschkennzeichen-reservieren.de/kfz-ummeldung-abmeldung/;/kfz-ratgeber/;
https://www.wunschkennzeichen-reservieren.de/kfz-ummeldung-abmeldung/auto-abmelden-anderer-kreis/;/kfz-ratgeber/auto-abmelden/;
https://www.wunschkennzeichen-reservieren.de/kfz-ummeldung-abmeldung/auto-abmelden-gleicher-kreis/;/kfz-ratgeber/auto-abmelden/;
https://www.wunschkennzeichen-reservieren.de/kfz-ummeldung-abmeldung/auto-stilllegen/;/kfz-ratgeber/auto-stilllegen/;
https://www.wunschkennzeichen-reservieren.de/kfz-ummeldung-abmeldung/auto-ummelden-kreiswechsel/;/kfz-ratgeber/auto-ummelden-kreiswechsel/;
https://www.wunschkennzeichen-reservieren.de/kfz-ummeldung-abmeldung/auto-ummelden-ohne-kreiswechsel/;/kfz-ratgeber/auto-ummelden-ohne-kreiswechsel/;
https://www.wunschkennzeichen-reservieren.de/kfz-ummeldung-abmeldung/auto-verkaufen/;/kfz-ratgeber/auto-verkaufen-abmelden/;
https://www.wunschkennzeichen-reservieren.de/kfz-ummeldung-abmeldung/namensaenderung/;/kfz-ratgeber/namensaenderung-fahrzeugschein/;
https://www.wunschkennzeichen-reservieren.de/kfz-ummeldung-abmeldung/online-abmeldung-von-fahrzeugen/;/kfz-ratgeber/auto-abmelden/;
https://www.wunschkennzeichen-reservieren.de/kfz-zulassung/;/kfz-ratgeber/;
https://www.wunschkennzeichen-reservieren.de/kfz-zulassung/anhaenger/;/kfz-ratgeber/anhaenger-zulassen/;
https://www.wunschkennzeichen-reservieren.de/kfz-zulassung/betriebserlaubnis-einzelbetriebserlaubnis/;/kfz-ratgeber/betriebserlaubnis/;
https://www.wunschkennzeichen-reservieren.de/kfz-zulassung/betriebserlaubnis-erloeschen/;/kfz-ratgeber/betriebserlaubnis-erloeschen/;
https://www.wunschkennzeichen-reservieren.de/kfz-zulassung/betriebserlaubnis-fahrzeugteile/;/kfz-ratgeber/betriebserlaubnis/;
https://www.wunschkennzeichen-reservieren.de/kfz-zulassung/betriebserlaubnis-nicht-zulassungspflichtig/;/kfz-ratgeber/betriebserlaubnis/;
https://www.wunschkennzeichen-reservieren.de/kfz-zulassung/einzugsermaechtigung-kfz-steuer/;/kfz-ratgeber/kfz-steuer-lastschrift/;
https://www.wunschkennzeichen-reservieren.de/kfz-zulassung/evb-nummer/;/kfz-ratgeber/evb-nummer/;
https://www.wunschkennzeichen-reservieren.de/kfz-zulassung/fahrzeugzulassungsverordnung/;/kfz-ratgeber/fahrzeugzulassungsverordnung/;
https://www.wunschkennzeichen-reservieren.de/kfz-zulassung/finanziertes-fahrzeug/;/kfz-ratgeber/finanziertes-fahrzeug-zulassen/;
https://www.wunschkennzeichen-reservieren.de/kfz-zulassung/gebrauchtwagen-eu-import/;/kfz-ratgeber/gebrauchtwagen-eu-import/;
https://www.wunschkennzeichen-reservieren.de/kfz-zulassung/gebrauchtwagen-nicht-eu-import/;/kfz-ratgeber/auto-import-nicht-eu/;
https://www.wunschkennzeichen-reservieren.de/kfz-zulassung/gebrauchtwagen-zulassung/;/kfz-ratgeber/gebrauchtwagen-zulassen/;
https://www.wunschkennzeichen-reservieren.de/kfz-zulassung/i-kfz/;/kfz-ratgeber/i-kfz-online-zulassung/;
https://www.wunschkennzeichen-reservieren.de/kfz-zulassung/internationaler-zulassungsschein/;/kfz-ratgeber/internationaler-zulassungsschein/;
https://www.wunschkennzeichen-reservieren.de/kfz-zulassung/kfz-versicherungsvergleich/;/kfz-ratgeber/kfz-versicherung-vergleich/;
https://www.wunschkennzeichen-reservieren.de/kfz-zulassung/neuwagen-eu-import/;/kfz-ratgeber/gebrauchtwagen-eu-import/;
https://www.wunschkennzeichen-reservieren.de/kfz-zulassung/neuwagen-nicht-eu-import/;/kfz-ratgeber/auto-import-nicht-eu/;
https://www.wunschkennzeichen-reservieren.de/kfz-zulassung/neuwagen-zulassung/;/kfz-ratgeber/neuwagen-zulassen/;
https://www.wunschkennzeichen-reservieren.de/kfz-zulassung/oldtimer/;/kfz-ratgeber/oldtimer-zulassen/;
https://www.wunschkennzeichen-reservieren.de/kfz-zulassung/saisonzulassung/;/kfz-ratgeber/saisonzulassung/;
https://www.wunschkennzeichen-reservieren.de/kfz-zulassung/umweltplakette/;/kfz-ratgeber/umweltplakette/;
https://www.wunschkennzeichen-reservieren.de/kfz-zulassung/wiederzulassung/;/kfz-ratgeber/wiederzulassung/;
https://www.wunschkennzeichen-reservieren.de/kfz-zulassung/zulassungsbescheinigung/;/kfz-ratgeber/zulassungsbescheinigung/;
https://www.wunschkennzeichen-reservieren.de/tipps-fuer-fahrzeughalter/;/kfz-ratgeber/;
https://www.wunschkennzeichen-reservieren.de/tipps-fuer-fahrzeughalter/benzinpreise-in-deutschland/;/kfz-ratgeber/benzinpreise-in-deutschland/;
https://www.wunschkennzeichen-reservieren.de/tipps-fuer-fahrzeughalter/fakten-zur-kfz-versicherung/;/kfz-ratgeber/kfz-versicherung-vergleich/;
https://www.wunschkennzeichen-reservieren.de/tipps-fuer-fahrzeughalter/fuehrerschein-ab-17/;/kfz-ratgeber/fuehrerschein-ab-17/;
https://www.wunschkennzeichen-reservieren.de/tipps-fuer-fahrzeughalter/gebrauchtwagenverkauf-im-internet/;/kfz-ratgeber/auto-verkaufen-abmelden/;
https://www.wunschkennzeichen-reservieren.de/tipps-fuer-fahrzeughalter/kfz-steuer-halbieren/;/kfz-ratgeber/kfz-steuer-berechnen/;
https://www.wunschkennzeichen-reservieren.de/tipps-fuer-fahrzeughalter/pkw-erstatzteile-verkaufen-ankaufen/;/kfz-ratgeber/pkw-erstatzteile-verkaufen-ankaufen/;
https://www.wunschkennzeichen-reservieren.de/tipps-fuer-fahrzeughalter/tipps-zum-kfz-gutachten/;/kfz-ratgeber/kfz-gutachten/;
https://www.wunschkennzeichen-reservieren.de/tipps-fuer-fahrzeughalter/verbandskasten-und-warnweste/;/kfz-ratgeber/verbandskasten-pflicht/;
https://www.wunschkennzeichen-reservieren.de/wunschkennzeichen/albrechts/;/kennzeichen/shl/;
https://www.wunschkennzeichen-reservieren.de/wunschkennzeichen/alt-ruppin/;/kennzeichen/ky/;
https://www.wunschkennzeichen-reservieren.de/wunschkennzeichen/altendorf-sebnitz/;/wunschkennzeichen/altenberg/;
https://www.wunschkennzeichen-reservieren.de/wunschkennzeichen/altmachern/;/kennzeichen/bks/;
https://www.wunschkennzeichen-reservieren.de/wunschkennzeichen/angelhof-i-u-ii/;/kennzeichen/sp/;
https://www.wunschkennzeichen-reservieren.de/wunschkennzeichen/arensdorf/;/kennzeichen/abi/;
https://www.wunschkennzeichen-reservieren.de/wunschkennzeichen/aspenstedt/;/kennzeichen/hbs/;
https://www.wunschkennzeichen-reservieren.de/wunschkennzeichen/athenstedt/;/kennzeichen/hbs/;
https://www.wunschkennzeichen-reservieren.de/wunschkennzeichen/auwies/;/kennzeichen/frg/;
https://www.wunschkennzeichen-reservieren.de/wunschkennzeichen/baasdorf/;/kennzeichen/abi/;
https://www.wunschkennzeichen-reservieren.de/wunschkennzeichen/beilngries/;/kennzeichen/ei/;
https://www.wunschkennzeichen-reservieren.de/wunschkennzeichen/bembsmuehle/;/kennzeichen/nr/;
https://www.wunschkennzeichen-reservieren.de/wunschkennzeichen/benjental/;/kennzeichen/duew/;
https://www.wunschkennzeichen-reservieren.de/wunschkennzeichen/beuna/;/kennzeichen/mer/;
https://www.wunschkennzeichen-reservieren.de/wunschkennzeichen/bias/;/kennzeichen/abi/;
https://www.wunschkennzeichen-reservieren.de/wunschkennzeichen/boizenburg/;/wunschkennzeichen/gallin/;
https://www.wunschkennzeichen-reservieren.de/wunschkennzeichen/bolanderhof/;/kennzeichen/kib/;
https://www.wunschkennzeichen-reservieren.de/wunschkennzeichen/bornum/;/kennzeichen/abi/;
https://www.wunschkennzeichen-reservieren.de/wunschkennzeichen/brachems/;/kennzeichen/my/;
https://www.wunschkennzeichen-reservieren.de/wunschkennzeichen/brieske/;/kennzeichen/ca/;
https://www.wunschkennzeichen-reservieren.de/wunschkennzeichen/buettlingen/;/kennzeichen/gdb/;
https://www.wunschkennzeichen-reservieren.de/wunschkennzeichen/buhlendorf/;/kennzeichen/abi/;
https://www.wunschkennzeichen-reservieren.de/wunschkennzeichen/burg-magdeburg/;/wunschkennzeichen/burg/;
https://www.wunschkennzeichen-reservieren.de/wunschkennzeichen/burxdorf/;/kennzeichen/ee/;
https://www.wunschkennzeichen-reservieren.de/wunschkennzeichen/buskow/;/kennzeichen/ky/;
https://www.wunschkennzeichen-reservieren.de/wunschkennzeichen/capelle/;/kennzeichen/bid/;
https://www.wunschkennzeichen-reservieren.de/wunschkennzeichen/dammeshof/;/kennzeichen/vb/;
https://www.wunschkennzeichen-reservieren.de/wunschkennzeichen/dammesmuehle/;/kennzeichen/vb/;
https://www.wunschkennzeichen-reservieren.de/wunschkennzeichen/deetz/;/kennzeichen/abi/;
https://www.wunschkennzeichen-reservieren.de/wunschkennzeichen/dergenthin/;/kennzeichen/pr/;
https://www.wunschkennzeichen-reservieren.de/wunschkennzeichen/detzel-gut/;/kennzeichen/bk/;
https://www.wunschkennzeichen-reservieren.de/wunschkennzeichen/detzel-schloss/;/kennzeichen/bk/;
https://www.wunschkennzeichen-reservieren.de/wunschkennzeichen/dietzhausen/;/kennzeichen/shl/;
https://www.wunschkennzeichen-reservieren.de/wunschkennzeichen/dittelsdorf/;/kennzeichen/gr/;
https://www.wunschkennzeichen-reservieren.de/wunschkennzeichen/dobra-bad-liebenwerda/;/kennzeichen/ee/;
https://www.wunschkennzeichen-reservieren.de/wunschkennzeichen/dobritz/;/wunschkennzeichen/doebritz/;
https://www.wunschkennzeichen-reservieren.de/wunschkennzeichen/dohndorf/;/kennzeichen/abi/;
https://www.wunschkennzeichen-reservieren.de/wunschkennzeichen/drei-annen-hohne/;/kennzeichen/hbs/;
https://www.wunschkennzeichen-reservieren.de/wunschkennzeichen/duepow/;/kennzeichen/pr/;
https://www.wunschkennzeichen-reservieren.de/wunschkennzeichen/elsdorf-koethen-anhalt/;/wunschkennzeichen/zoerbig/;
https://www.wunschkennzeichen-reservieren.de/wunschkennzeichen/emersleben/;/kennzeichen/hbs/;
https://www.wunschkennzeichen-reservieren.de/wunschkennzeichen/everstorf/;/kennzeichen/gdb/;
https://www.wunschkennzeichen-reservieren.de/wunschkennzeichen/fuernsbach/;/kennzeichen/fs/;
https://www.wunschkennzeichen-reservieren.de/wunschkennzeichen/geigant/;/kennzeichen/cha/;
https://www.wunschkennzeichen-reservieren.de/wunschkennzeichen/geisbueschhof/;/kennzeichen/my/;
https://www.wunschkennzeichen-reservieren.de/wunschkennzeichen/geusa/;/kennzeichen/mer/;
https://www.wunschkennzeichen-reservieren.de/wunschkennzeichen/gladau/;/kennzeichen/brg/;
https://www.wunschkennzeichen-reservieren.de/wunschkennzeichen/glaisin/;/kennzeichen/hgn/;
https://www.wunschkennzeichen-reservieren.de/wunschkennzeichen/gnewikow/;/kennzeichen/ky/;
https://www.wunschkennzeichen-reservieren.de/wunschkennzeichen/goednitz/;/kennzeichen/abi/;
https://www.wunschkennzeichen-reservieren.de/wunschkennzeichen/grenzhausen/;/kennzeichen/gdb/;
https://www.wunschkennzeichen-reservieren.de/wunschkennzeichen/grimme/;/kennzeichen/abi/;
https://www.wunschkennzeichen-reservieren.de/wunschkennzeichen/gross-buchholz/;/kennzeichen/pr/;
https://www.wunschkennzeichen-reservieren.de/wunschkennzeichen/gross-goernow/;/kennzeichen/hgn/;
https://www.wunschkennzeichen-reservieren.de/wunschkennzeichen/gross-linde/;/kennzeichen/pr/;
https://www.wunschkennzeichen-reservieren.de/wunschkennzeichen/gross-raden/;/kennzeichen/hgn/;
https://www.wunschkennzeichen-reservieren.de/wunschkennzeichen/grossfriesen/;/kennzeichen/ae/;
https://www.wunschkennzeichen-reservieren.de/wunschkennzeichen/grosskoschen/;/kennzeichen/ca/;
https://www.wunschkennzeichen-reservieren.de/wunschkennzeichen/grosswiesenhof/;/kennzeichen/nm/;
https://www.wunschkennzeichen-reservieren.de/wunschkennzeichen/guehlen-glienicke/;/kennzeichen/ky/;
https://www.wunschkennzeichen-reservieren.de/wunschkennzeichen/gueterglueck/;/kennzeichen/abi/;
https://www.wunschkennzeichen-reservieren.de/wunschkennzeichen/hagenow/;/wunschkennzeichen/hagenow-heide/;
https://www.wunschkennzeichen-reservieren.de/wunschkennzeichen/haselbach-soeldhaus/;/wunschkennzeichen/eschach/;
https://www.wunschkennzeichen-reservieren.de/wunschkennzeichen/heidhof/;/kennzeichen/hgn/;
https://www.wunschkennzeichen-reservieren.de/wunschkennzeichen/hessenhuette/;/kennzeichen/kib/;
https://www.wunschkennzeichen-reservieren.de/wunschkennzeichen/himmelweiler/;/wunschkennzeichen/himmelkron/;
https://www.wunschkennzeichen-reservieren.de/wunschkennzeichen/hinterhermsdorf/;/kennzeichen/dw/;
https://www.wunschkennzeichen-reservieren.de/wunschkennzeichen/hinterste-wache/;/kennzeichen/ploe/;
https://www.wunschkennzeichen-reservieren.de/wunschkennzeichen/hirschfelde/;/kennzeichen/gr/;
https://www.wunschkennzeichen-reservieren.de/wunschkennzeichen/hof-saale/;/wunschkennzeichen/hof/;
https://www.wunschkennzeichen-reservieren.de/wunschkennzeichen/hohenlepte/;/kennzeichen/abi/;
https://www.wunschkennzeichen-reservieren.de/wunschkennzeichen/hoikendorf/;/kennzeichen/gdb/;
https://www.wunschkennzeichen-reservieren.de/wunschkennzeichen/hosena/;/kennzeichen/ca/;
https://www.wunschkennzeichen-reservieren.de/wunschkennzeichen/huetten-haldensleben/;/wunschkennzeichen/altenhausen/;
https://www.wunschkennzeichen-reservieren.de/wunschkennzeichen/hummelshalden/;/kennzeichen/aa/;
https://www.wunschkennzeichen-reservieren.de/wunschkennzeichen/hundisburg/;/kennzeichen/bk/;
https://www.wunschkennzeichen-reservieren.de/wunschkennzeichen/insel-mainau/;/kennzeichen/kn/;
https://www.wunschkennzeichen-reservieren.de/wunschkennzeichen/jaegerhaus/;/kennzeichen/ae/;
https://www.wunschkennzeichen-reservieren.de/wunschkennzeichen/joessnitz/;/kennzeichen/ae/;
https://www.wunschkennzeichen-reservieren.de/wunschkennzeichen/juetrichau/;/kennzeichen/abi/;
https://www.wunschkennzeichen-reservieren.de/wunschkennzeichen/karwe/;/kennzeichen/ky/;
https://www.wunschkennzeichen-reservieren.de/wunschkennzeichen/katharinenhof/;/kennzeichen/bk/;
https://www.wunschkennzeichen-reservieren.de/wunschkennzeichen/kauschwitz/;/kennzeichen/ae/;
https://www.wunschkennzeichen-reservieren.de/wunschkennzeichen/kelheim/;/kennzeichen/keh/;
https://www.wunschkennzeichen-reservieren.de/wunschkennzeichen/klein-goernow/;/kennzeichen/hgn/;
https://www.wunschkennzeichen-reservieren.de/wunschkennzeichen/klein-groenau/;/kennzeichen/hl/;
https://www.wunschkennzeichen-reservieren.de/wunschkennzeichen/klein-quenstedt/;/kennzeichen/hbs/;
https://www.wunschkennzeichen-reservieren.de/wunschkennzeichen/klippmuehle/;/kennzeichen/fkb/;
https://www.wunschkennzeichen-reservieren.de/wunschkennzeichen/klosterberg/;/kennzeichen/bks/;
https://www.wunschkennzeichen-reservieren.de/wunschkennzeichen/kosilenzien/;/kennzeichen/ee/;
https://www.wunschkennzeichen-reservieren.de/wunschkennzeichen/krangen/;/kennzeichen/ky/;
https://www.wunschkennzeichen-reservieren.de/wunschkennzeichen/kratzerhoefle/;/kennzeichen/aa/;
https://www.wunschkennzeichen-reservieren.de/wunschkennzeichen/krettenhof/;/kennzeichen/gp/;
https://www.wunschkennzeichen-reservieren.de/wunschkennzeichen/kretzhaus/;/kennzeichen/nr/;
https://www.wunschkennzeichen-reservieren.de/wunschkennzeichen/kroebeln/;/kennzeichen/ee/;
https://www.wunschkennzeichen-reservieren.de/wunschkennzeichen/kummer/;/kennzeichen/hgn/;
https://www.wunschkennzeichen-reservieren.de/wunschkennzeichen/lambertskreuz/;/kennzeichen/duew/;
https://www.wunschkennzeichen-reservieren.de/wunschkennzeichen/langebrueck/;/kennzeichen/dd/;
https://www.wunschkennzeichen-reservieren.de/wunschkennzeichen/langenhalde/;/kennzeichen/aa/;
https://www.wunschkennzeichen-reservieren.de/wunschkennzeichen/langenrieth/;/kennzeichen/ee/;
https://www.wunschkennzeichen-reservieren.de/wunschkennzeichen/langenstein/;/kennzeichen/hbs/;
https://www.wunschkennzeichen-reservieren.de/wunschkennzeichen/lauberhof/;/kennzeichen/kib/;
https://www.wunschkennzeichen-reservieren.de/wunschkennzeichen/lausitz/;/kennzeichen/ee/;
https://www.wunschkennzeichen-reservieren.de/wunschkennzeichen/leps/;/kennzeichen/abi/;
https://www.wunschkennzeichen-reservieren.de/wunschkennzeichen/lichtenberg-neuruppin/;/wunschkennzeichen/temnitztal/;
https://www.wunschkennzeichen-reservieren.de/wunschkennzeichen/lichtenhain/;/kennzeichen/dw/;
https://www.wunschkennzeichen-reservieren.de/wunschkennzeichen/lindau-anhalt/;/wunschkennzeichen/zoerbig/;
https://www.wunschkennzeichen-reservieren.de/wunschkennzeichen/loebnitz-an-der-linde/;/wunschkennzeichen/zoerbig/;
https://www.wunschkennzeichen-reservieren.de/wunschkennzeichen/looganlage/;/kennzeichen/duew/;
https://www.wunschkennzeichen-reservieren.de/wunschkennzeichen/luebzow-ausbau/;/kennzeichen/pr/;
https://www.wunschkennzeichen-reservieren.de/wunschkennzeichen/luebzow/;/kennzeichen/pr/;
https://www.wunschkennzeichen-reservieren.de/wunschkennzeichen/luhrbach/;/kennzeichen/duew/;
https://www.wunschkennzeichen-reservieren.de/wunschkennzeichen/luso/;/kennzeichen/abi/;
https://www.wunschkennzeichen-reservieren.de/wunschkennzeichen/maasdorf-falkenberg-elster/;/kennzeichen/ee/;
https://www.wunschkennzeichen-reservieren.de/wunschkennzeichen/mahndorf/;/kennzeichen/hbs/;
https://www.wunschkennzeichen-reservieren.de/wunschkennzeichen/mainz-kostheim/;/wunschkennzeichen/mainz/;
https://www.wunschkennzeichen-reservieren.de/wunschkennzeichen/mainz/;/wunschkennzeichen/mainz-kastel/;
https://www.wunschkennzeichen-reservieren.de/wunschkennzeichen/makenhof/;/kennzeichen/lb/;
https://www.wunschkennzeichen-reservieren.de/wunschkennzeichen/marbach-odenwald/;/kennzeichen/erb/;
https://www.wunschkennzeichen-reservieren.de/wunschkennzeichen/merzien/;/kennzeichen/abi/;
https://www.wunschkennzeichen-reservieren.de/wunschkennzeichen/michelbacher-muehle/;/kennzeichen/bid/;
https://www.wunschkennzeichen-reservieren.de/wunschkennzeichen/mittelmuehle/;/kennzeichen/bk/;
https://www.wunschkennzeichen-reservieren.de/wunschkennzeichen/mittelndorf/;/kennzeichen/dw/;
https://www.wunschkennzeichen-reservieren.de/wunschkennzeichen/moeglenz/;/kennzeichen/ee/;
https://www.wunschkennzeichen-reservieren.de/wunschkennzeichen/molchow/;/kennzeichen/ky/;
https://www.wunschkennzeichen-reservieren.de/wunschkennzeichen/moritz/;/kennzeichen/abi/;
https://www.wunschkennzeichen-reservieren.de/wunschkennzeichen/muenchen/;/wunschkennzeichen/muenchen-flughafen/;
https://www.wunschkennzeichen-reservieren.de/wunschkennzeichen/muetzel/;/kennzeichen/brg/;
https://www.wunschkennzeichen-reservieren.de/wunschkennzeichen/nedlitz-zerbst/;/kennzeichen/abi/;
https://www.wunschkennzeichen-reservieren.de/wunschkennzeichen/neu-bleckede/;/wunschkennzeichen/lueneburg/;
https://www.wunschkennzeichen-reservieren.de/wunschkennzeichen/neu-degtow/;/kennzeichen/gdb/;
https://www.wunschkennzeichen-reservieren.de/wunschkennzeichen/neu-glienicke/;/kennzeichen/ky/;
https://www.wunschkennzeichen-reservieren.de/wunschkennzeichen/neu-pastin/;/kennzeichen/hgn/;
https://www.wunschkennzeichen-reservieren.de/wunschkennzeichen/neu-runstedt/;/kennzeichen/hbs/;
https://www.wunschkennzeichen-reservieren.de/wunschkennzeichen/neu-wendischthun/;/kennzeichen/lg/;
https://www.wunschkennzeichen-reservieren.de/wunschkennzeichen/neuburxdorf/;/kennzeichen/ee/;
https://www.wunschkennzeichen-reservieren.de/wunschkennzeichen/neundorf-plauen/;/wunschkennzeichen/neustadtvogtl/;
https://www.wunschkennzeichen-reservieren.de/wunschkennzeichen/niemtsch/;/kennzeichen/ca/;
https://www.wunschkennzeichen-reservieren.de/wunschkennzeichen/nietwerder/;/kennzeichen/ky/;
https://www.wunschkennzeichen-reservieren.de/wunschkennzeichen/nonnenholz/;/kennzeichen/dud/;
https://www.wunschkennzeichen-reservieren.de/wunschkennzeichen/nutha/;/kennzeichen/abi/;
https://www.wunschkennzeichen-reservieren.de/wunschkennzeichen/obere-kleinmichelesmuehle/;/kennzeichen/es/;
https://www.wunschkennzeichen-reservieren.de/wunschkennzeichen/ochsenbusch/;/kennzeichen/kib/;
https://www.wunschkennzeichen-reservieren.de/wunschkennzeichen/oschaetzchen/;/kennzeichen/ee/;
https://www.wunschkennzeichen-reservieren.de/wunschkennzeichen/ottendorf-sebnitz/;/wunschkennzeichen/tharandt/;
https://www.wunschkennzeichen-reservieren.de/wunschkennzeichen/paplitz/;/kennzeichen/brg/;
https://www.wunschkennzeichen-reservieren.de/wunschkennzeichen/parchen/;/kennzeichen/brg/;
https://www.wunschkennzeichen-reservieren.de/wunschkennzeichen/pastin/;/kennzeichen/hgn/;
https://www.wunschkennzeichen-reservieren.de/wunschkennzeichen/peickwitz/;/kennzeichen/ca/;
https://www.wunschkennzeichen-reservieren.de/wunschkennzeichen/pfahlhaus/;/kennzeichen/wtm/;
https://www.wunschkennzeichen-reservieren.de/wunschkennzeichen/pfeilhalde/;/kennzeichen/aa/;
https://www.wunschkennzeichen-reservieren.de/wunschkennzeichen/pfenninghof/;/kennzeichen/ei/;
https://www.wunschkennzeichen-reservieren.de/wunschkennzeichen/planschwitz/;/kennzeichen/ae/;
https://www.wunschkennzeichen-reservieren.de/wunschkennzeichen/platenhof/;/kennzeichen/pr/;
https://www.wunschkennzeichen-reservieren.de/wunschkennzeichen/polenzko/;/kennzeichen/abi/;
https://www.wunschkennzeichen-reservieren.de/wunschkennzeichen/polz/;/kennzeichen/hgn/;
https://www.wunschkennzeichen-reservieren.de/wunschkennzeichen/porst/;/kennzeichen/abi/;
https://www.wunschkennzeichen-reservieren.de/wunschkennzeichen/prieschka/;/kennzeichen/ee/;
https://www.wunschkennzeichen-reservieren.de/wunschkennzeichen/pulspforde/;/kennzeichen/abi/;
https://www.wunschkennzeichen-reservieren.de/wunschkennzeichen/questin/;/kennzeichen/gdb/;
https://www.wunschkennzeichen-reservieren.de/wunschkennzeichen/quitzow/;/kennzeichen/pr/;
https://www.wunschkennzeichen-reservieren.de/wunschkennzeichen/radensleben/;/kennzeichen/ky/;
https://www.wunschkennzeichen-reservieren.de/wunschkennzeichen/reddeber/;/kennzeichen/hbs/;
https://www.wunschkennzeichen-reservieren.de/wunschkennzeichen/reichen/;/kennzeichen/fn/;
https://www.wunschkennzeichen-reservieren.de/wunschkennzeichen/reitmehring/;/kennzeichen/aib/;
https://www.wunschkennzeichen-reservieren.de/wunschkennzeichen/reuden/;/kennzeichen/abi/;
https://www.wunschkennzeichen-reservieren.de/wunschkennzeichen/ringelah/;/kennzeichen/gf/;
https://www.wunschkennzeichen-reservieren.de/wunschkennzeichen/ringelsdorf/;/kennzeichen/brg/;
https://www.wunschkennzeichen-reservieren.de/wunschkennzeichen/rosenhagen-perleberg/;/kennzeichen/pr/;
https://www.wunschkennzeichen-reservieren.de/wunschkennzeichen/rosenhof-bad-kreuznach/;/kennzeichen/kh/;
https://www.wunschkennzeichen-reservieren.de/wunschkennzeichen/rottenburg-laaber/;/wunschkennzeichen/landshut/;
https://www.wunschkennzeichen-reservieren.de/wunschkennzeichen/rueterberg/;/kennzeichen/hgn/;
https://www.wunschkennzeichen-reservieren.de/wunschkennzeichen/sagsdorf/;/kennzeichen/hgn/;
https://www.wunschkennzeichen-reservieren.de/wunschkennzeichen/santow/;/kennzeichen/gdb/;
https://www.wunschkennzeichen-reservieren.de/wunschkennzeichen/sargstedt/;/kennzeichen/hbs/;
https://www.wunschkennzeichen-reservieren.de/wunschkennzeichen/satuelle/;/kennzeichen/bk/;
https://www.wunschkennzeichen-reservieren.de/wunschkennzeichen/saupsdorf/;/kennzeichen/dw/;
https://www.wunschkennzeichen-reservieren.de/wunschkennzeichen/schachdorf-stroebeck/;/kennzeichen/hbs/;
https://www.wunschkennzeichen-reservieren.de/wunschkennzeichen/schacherhof/;/kennzeichen/kib/;
https://www.wunschkennzeichen-reservieren.de/wunschkennzeichen/scharbow/;/kennzeichen/hgn/;
https://www.wunschkennzeichen-reservieren.de/wunschkennzeichen/schierke/;/kennzeichen/hbs/;
https://www.wunschkennzeichen-reservieren.de/wunschkennzeichen/schneidenbach/;/kennzeichen/ae/;
https://www.wunschkennzeichen-reservieren.de/wunschkennzeichen/schoellbronner-muehle/;/kennzeichen/ka/;
https://www.wunschkennzeichen-reservieren.de/wunschkennzeichen/schoenborn-dresden/;/wunschkennzeichen/dresden/;
https://www.wunschkennzeichen-reservieren.de/wunschkennzeichen/schoene-aussicht/;/kennzeichen/diz/;
https://www.wunschkennzeichen-reservieren.de/wunschkennzeichen/schoenfeld-westprignitz/;/wunschkennzeichen/lenzerwische/;
https://www.wunschkennzeichen-reservieren.de/wunschkennzeichen/schongau/;/kennzeichen/wm/;
https://www.wunschkennzeichen-reservieren.de/wunschkennzeichen/schopsdorf/;/kennzeichen/brg/;
https://www.wunschkennzeichen-reservieren.de/wunschkennzeichen/schurrenhof/;/kennzeichen/aa/;
https://www.wunschkennzeichen-reservieren.de/wunschkennzeichen/sedlitz/;/kennzeichen/ca/;
https://www.wunschkennzeichen-reservieren.de/wunschkennzeichen/silbertal/;/kennzeichen/duew/;
https://www.wunschkennzeichen-reservieren.de/wunschkennzeichen/spiegelhagen/;/kennzeichen/pr/;
https://www.wunschkennzeichen-reservieren.de/wunschkennzeichen/sternberger-burg/;/wunschkennzeichen/sternberg/;
https://www.wunschkennzeichen-reservieren.de/wunschkennzeichen/steutz/;/kennzeichen/abi/;
https://www.wunschkennzeichen-reservieren.de/wunschkennzeichen/stoeffin/;/kennzeichen/ky/;
https://www.wunschkennzeichen-reservieren.de/wunschkennzeichen/straguth/;/kennzeichen/abi/;
https://www.wunschkennzeichen-reservieren.de/wunschkennzeichen/strausberg/;/kennzeichen/frw/;
https://www.wunschkennzeichen-reservieren.de/wunschkennzeichen/suekow/;/kennzeichen/pr/;
https://www.wunschkennzeichen-reservieren.de/wunschkennzeichen/thalberg/;/kennzeichen/ee/;
https://www.wunschkennzeichen-reservieren.de/wunschkennzeichen/thalhofen/;/kennzeichen/ll/;
https://www.wunschkennzeichen-reservieren.de/wunschkennzeichen/theisa/;/kennzeichen/ee/;
https://www.wunschkennzeichen-reservieren.de/wunschkennzeichen/thesenvitz/;/kennzeichen/gmn/;
https://www.wunschkennzeichen-reservieren.de/wunschkennzeichen/tornow-neuruppin/;/kennzeichen/ky/;
https://www.wunschkennzeichen-reservieren.de/wunschkennzeichen/tucheim/;/kennzeichen/brg/;
https://www.wunschkennzeichen-reservieren.de/wunschkennzeichen/untere-kleinmichelesmuehle/;/kennzeichen/es/;
https://www.wunschkennzeichen-reservieren.de/wunschkennzeichen/unterrotenstein/;/kennzeichen/rw/;
https://www.wunschkennzeichen-reservieren.de/wunschkennzeichen/uthmoeden/;/kennzeichen/bk/;
https://www.wunschkennzeichen-reservieren.de/wunschkennzeichen/veltensmuehle/;/kennzeichen/hbs/;
https://www.wunschkennzeichen-reservieren.de/wunschkennzeichen/vesser/;/kennzeichen/shl/;
https://www.wunschkennzeichen-reservieren.de/wunschkennzeichen/viez/;/kennzeichen/hgn/;
https://www.wunschkennzeichen-reservieren.de/wunschkennzeichen/waldhaus-grebe/;/kennzeichen/bid/;
https://www.wunschkennzeichen-reservieren.de/wunschkennzeichen/walternienburg/;/kennzeichen/abi/;
https://www.wunschkennzeichen-reservieren.de/wunschkennzeichen/wedringen/;/kennzeichen/bk/;
https://www.wunschkennzeichen-reservieren.de/wunschkennzeichen/weidenhell/;/kennzeichen/coc/;
https://www.wunschkennzeichen-reservieren.de/wunschkennzeichen/weisskirchhof/;/kennzeichen/gn/;
https://www.wunschkennzeichen-reservieren.de/wunschkennzeichen/welzmuehle/;/kennzeichen/ebs/;
https://www.wunschkennzeichen-reservieren.de/wunschkennzeichen/wichtshausen/;/kennzeichen/shl/;
https://www.wunschkennzeichen-reservieren.de/wunschkennzeichen/wiedischhausen/;/kennzeichen/nr/;
https://www.wunschkennzeichen-reservieren.de/wunschkennzeichen/wiesach/;/kennzeichen/fn/;
https://www.wunschkennzeichen-reservieren.de/wunschkennzeichen/wotenitz/;/kennzeichen/gdb/;
https://www.wunschkennzeichen-reservieren.de/wunschkennzeichen/wuesten-buchholz/;/kennzeichen/pr/;
https://www.wunschkennzeichen-reservieren.de/wunschkennzeichen/wuesteratherhof/;/kennzeichen/my/;
https://www.wunschkennzeichen-reservieren.de/wunschkennzeichen/wulkow-neuruppin/;/kennzeichen/ky/;
https://www.wunschkennzeichen-reservieren.de/wunschkennzeichen/wuthenow/;/kennzeichen/ky/;
https://www.wunschkennzeichen-reservieren.de/wunschkennzeichen/zeischa/;/kennzeichen/ee/;
https://www.wunschkennzeichen-reservieren.de/wunschkennzeichen/zermuetzel/;/kennzeichen/ky/;
https://www.wunschkennzeichen-reservieren.de/wunschkennzeichen/zeughaus/;/kennzeichen/dw/;
https://www.wunschkennzeichen-reservieren.de/wunschkennzeichen/ziegelhuette-birkweiler/;/wunschkennzeichen/birkweiler/;
https://www.wunschkennzeichen-reservieren.de/wunschkennzeichen/zippelsfoerde/;/kennzeichen/ky/;
https://www.wunschkennzeichen-reservieren.de/wunschkennzeichen/zobersdorf/;/kennzeichen/ee/;
https://www.wunschkennzeichen-reservieren.de/zulassungsstelle/adorf/;/zulassungsstelle/plauen/;
https://www.wunschkennzeichen-reservieren.de/zulassungsstelle/altdorf-nuernberg/;/zulassungsstelle/altdorf-bei-nuernberg/;x
https://www.wunschkennzeichen-reservieren.de/zulassungsstelle/amberg-oberpfalz/;/zulassungsstelle/amberg/;
https://www.wunschkennzeichen-reservieren.de/zulassungsstelle/artern-unstrut/;/zulassungsstelle/artern/;
https://www.wunschkennzeichen-reservieren.de/zulassungsstelle/asbach-westerwald/;/zulassungsstelle/neuwied/;
https://www.wunschkennzeichen-reservieren.de/zulassungsstelle/auerbach-vogtland/;/zulassungsstelle/plauen/;
https://www.wunschkennzeichen-reservieren.de/zulassungsstelle/bad-griesbach-rottal/;/zulassungsstelle/hauzenberg/;
https://www.wunschkennzeichen-reservieren.de/zulassungsstelle/bad-homburg/;/zulassungsstelle/bad-homburg-vor-der-hoehe/;x
https://www.wunschkennzeichen-reservieren.de/zulassungsstelle/bad-koenigshofen-grabfeld/;/zulassungsstelle/bad-koenigshofen-im-grabfeld/;x
https://www.wunschkennzeichen-reservieren.de/zulassungsstelle/bad-neustadt-saale/;/zulassungsstelle/bad-neustadt-an-der-saale/;x
https://www.wunschkennzeichen-reservieren.de/zulassungsstelle/bergen-celle/;/zulassungsstelle/bergen/;
https://www.wunschkennzeichen-reservieren.de/zulassungsstelle/bergheim-erft/;/zulassungsstelle/bergheim/;
https://www.wunschkennzeichen-reservieren.de/zulassungsstelle/birkenfeld-nahe/;/zulassungsstelle/birkenfeld/;
https://www.wunschkennzeichen-reservieren.de/zulassungsstelle/borken-westfalen/;/zulassungsstelle/borken/;
https://www.wunschkennzeichen-reservieren.de/zulassungsstelle/bremen-stadt/;/zulassungsstelle/bremen/;
https://www.wunschkennzeichen-reservieren.de/zulassungsstelle/buchen-odenwald/;/zulassungsstelle/buchen/;
https://www.wunschkennzeichen-reservieren.de/zulassungsstelle/burg-magdeburg/;/zulassungsstelle/burg/;
https://www.wunschkennzeichen-reservieren.de/zulassungsstelle/burgdorf-hannover/;/zulassungsstelle/burgdorf/;
https://www.wunschkennzeichen-reservieren.de/zulassungsstelle/coburg/;/zulassungsstelle/coburg-land/;x
https://www.wunschkennzeichen-reservieren.de/zulassungsstelle/damme-duemmer/;/zulassungsstelle/damme/;
https://www.wunschkennzeichen-reservieren.de/zulassungsstelle/deidesheim/;/zulassungsstelle/bad-duerkheim/;
https://www.wunschkennzeichen-reservieren.de/zulassungsstelle/demmin-hansestadt/;/zulassungsstelle/demmin/;x
https://www.wunschkennzeichen-reservieren.de/zulassungsstelle/dillingen-donau/;/zulassungsstelle/dillingen-an-der-donau/;x
https://www.wunschkennzeichen-reservieren.de/zulassungsstelle/eisenach-thueringen/;/zulassungsstelle/thueringen/;x
https://www.wunschkennzeichen-reservieren.de/zulassungsstelle/eisenberg-thueringen/;/zulassungsstelle/eisenberg/;
https://www.wunschkennzeichen-reservieren.de/zulassungsstelle/elmenhorst-lauenburg/;/zulassungsstelle/elmenhorst/;
https://www.wunschkennzeichen-reservieren.de/zulassungsstelle/emden-ostfriesland/;/zulassungsstelle/emden/;
https://www.wunschkennzeichen-reservieren.de/zulassungsstelle/erbach-odenwald/;/zulassungsstelle/erbach/;
https://www.wunschkennzeichen-reservieren.de/zulassungsstelle/ergolding/;/zulassungsstelle/ergolding-land/;x
https://www.wunschkennzeichen-reservieren.de/zulassungsstelle/eschenbach-oberpfalz/;/zulassungsstelle/neustadt-an-der-waldnaab/;
https://www.wunschkennzeichen-reservieren.de/zulassungsstelle/essen-ruhr/;/zulassungsstelle/essen/;
https://www.wunschkennzeichen-reservieren.de/zulassungsstelle/forchheim-oberfanken/;/zulassungsstelle/forchheim/;
https://www.wunschkennzeichen-reservieren.de/zulassungsstelle/freiberg-sachsen/;/zulassungsstelle/freiberg/;
https://www.wunschkennzeichen-reservieren.de/zulassungsstelle/freising/;/zulassungsstelle/freising-land/;x
https://www.wunschkennzeichen-reservieren.de/zulassungsstelle/fuerstenau-bramsche-hase/;/zulassungsstelle/fuerstenau/;
https://www.wunschkennzeichen-reservieren.de/zulassungsstelle/fuerstenwalde-spree/;/zulassungsstelle/brandenburg/;
https://www.wunschkennzeichen-reservieren.de/zulassungsstelle/fuerth-bayern/;/zulassungsstelle/fuerth/;
https://www.wunschkennzeichen-reservieren.de/zulassungsstelle/graefenhainichen/;/zulassungsstelle/jessen-elster/;
https://www.wunschkennzeichen-reservieren.de/zulassungsstelle/grafenau-niederbayern/;/zulassungsstelle/grafenau/;
https://www.wunschkennzeichen-reservieren.de/zulassungsstelle/grasbrunn/;/zulassungsstelle/grasbrunn-land/;
https://www.wunschkennzeichen-reservieren.de/zulassungsstelle/greifswald-hansestadt/;/zulassungsstelle/greifswald/;
https://www.wunschkennzeichen-reservieren.de/zulassungsstelle/hagen-westfalen/;/zulassungsstelle/hagen/;
https://www.wunschkennzeichen-reservieren.de/zulassungsstelle/hagenow-heide/;/zulassungsstelle/boizenburg-elbe/;
https://www.wunschkennzeichen-reservieren.de/zulassungsstelle/hamm-westfalen/;/zulassungsstelle/hamm/;
https://www.wunschkennzeichen-reservieren.de/zulassungsstelle/heide-holstein/;/zulassungsstelle/heide/;
https://www.wunschkennzeichen-reservieren.de/zulassungsstelle/herborn-hessen/;/zulassungsstelle/herborn/;
https://www.wunschkennzeichen-reservieren.de/zulassungsstelle/himmelpforten/;/zulassungsstelle/oldendorf-himmelpforten/;
https://www.wunschkennzeichen-reservieren.de/zulassungsstelle/himmelweiler/;/zulassungsstelle/kulmbach/;
https://www.wunschkennzeichen-reservieren.de/zulassungsstelle/hoechstadt-aisch/;/zulassungsstelle/hoechstadt-a-d-aisch/;x
https://www.wunschkennzeichen-reservieren.de/zulassungsstelle/hof-saale/;/zulassungsstelle/hof/;
https://www.wunschkennzeichen-reservieren.de/zulassungsstelle/hofheim-unterfranken/;/zulassungsstelle/hofheim-in-unterfranken/;x
https://www.wunschkennzeichen-reservieren.de/zulassungsstelle/homberg-ohm/;/zulassungsstelle/alsfeld/;
https://www.wunschkennzeichen-reservieren.de/zulassungsstelle/hoya/;/zulassungsstelle/hoyaweser/;
https://www.wunschkennzeichen-reservieren.de/zulassungsstelle/hude-oldenburg/;/zulassungsstelle/hude/;
https://www.wunschkennzeichen-reservieren.de/zulassungsstelle/husum-nordsee/;/zulassungsstelle/husum/;
https://www.wunschkennzeichen-reservieren.de/zulassungsstelle/kleve-niederrhein/;/zulassungsstelle/kleve/;
https://www.wunschkennzeichen-reservieren.de/zulassungsstelle/klingenthal/;/zulassungsstelle/plauen/;
https://www.wunschkennzeichen-reservieren.de/zulassungsstelle/lahr-schwarzwald/;/zulassungsstelle/lahrschwarzwald/;
https://www.wunschkennzeichen-reservieren.de/zulassungsstelle/landau-isar/;/zulassungsstelle/landau-an-der-isar/;
https://www.wunschkennzeichen-reservieren.de/zulassungsstelle/landshut/;/zulassungsstelle/bayern/;
https://www.wunschkennzeichen-reservieren.de/zulassungsstelle/langen-hessen/;/zulassungsstelle/langen/;x
https://www.wunschkennzeichen-reservieren.de/zulassungsstelle/langenhagen-hannover/;/zulassungsstelle/langenhagen/;
https://www.wunschkennzeichen-reservieren.de/zulassungsstelle/lauf-pegnitz/;/zulassungsstelle/lauf-an-der-pegnitz/;x
https://www.wunschkennzeichen-reservieren.de/zulassungsstelle/leonberg-wuerttemberg/;/zulassungsstelle/leonberg/;
https://www.wunschkennzeichen-reservieren.de/zulassungsstelle/lichtenfels-bayern/;/zulassungsstelle/lichtenfels/;
https://www.wunschkennzeichen-reservieren.de/zulassungsstelle/limburg/;/zulassungsstelle/limburg-an-der-lahn/;x
https://www.wunschkennzeichen-reservieren.de/zulassungsstelle/linz/;/zulassungsstelle/linz-am-rhein/;x
https://www.wunschkennzeichen-reservieren.de/zulassungsstelle/lohr-main/;/zulassungsstelle/lohr-am-main/;x
https://www.wunschkennzeichen-reservieren.de/zulassungsstelle/lutherstadt-wittenberg/;/zulassungsstelle/wittenberg/;
https://www.wunschkennzeichen-reservieren.de/zulassungsstelle/marl-westfalen/;/zulassungsstelle/marl/;x
https://www.wunschkennzeichen-reservieren.de/zulassungsstelle/meckenheim-rheinland/;/zulassungsstelle/meckenheim/;
https://www.wunschkennzeichen-reservieren.de/zulassungsstelle/minden-westfalen/;/zulassungsstelle/minden/;
https://www.wunschkennzeichen-reservieren.de/zulassungsstelle/moosburg-isar/;/zulassungsstelle/moosburg-an-der-isar/;x
https://www.wunschkennzeichen-reservieren.de/zulassungsstelle/muehldorf-inn/;/zulassungsstelle/muehldorf-am-inn/;x
https://www.wunschkennzeichen-reservieren.de/zulassungsstelle/muehlhausen-thueringen/;/zulassungsstelle/muehlhausen/;x
https://www.wunschkennzeichen-reservieren.de/zulassungsstelle/muehlheim-am-main/;/zulassungsstelle/seligenstadt/;
https://www.wunschkennzeichen-reservieren.de/zulassungsstelle/muenster-westfalen/;/zulassungsstelle/muenster/;x
https://www.wunschkennzeichen-reservieren.de/zulassungsstelle/neu-bleckede/;/zulassungsstelle/lueneburg/;
https://www.wunschkennzeichen-reservieren.de/zulassungsstelle/neuburg-donau/;/zulassungsstelle/neuburg-an-der-donau/;x
https://www.wunschkennzeichen-reservieren.de/zulassungsstelle/neumarkt-oberpfalz/;/zulassungsstelle/neumarkt-in-der-oberpfalz/;x
https://www.wunschkennzeichen-reservieren.de/zulassungsstelle/neunkirchen-saar/;/zulassungsstelle/saarland/;
https://www.wunschkennzeichen-reservieren.de/zulassungsstelle/neustadt-aisch/;/zulassungsstelle/neustadt-an-der-aisch/;x
https://www.wunschkennzeichen-reservieren.de/zulassungsstelle/neustadt-waldnaab/;/zulassungsstelle/neustadt-an-der-waldnaab/;x
https://www.wunschkennzeichen-reservieren.de/zulassungsstelle/nienburg-weser/;/zulassungsstelle/nienburgweser/;
https://www.wunschkennzeichen-reservieren.de/zulassungsstelle/oberhausen-rheinland/;/zulassungsstelle/oberhausen/;x
https://www.wunschkennzeichen-reservieren.de/zulassungsstelle/obernburg-main/;/zulassungsstelle/obernburg-am-main/;x
https://www.wunschkennzeichen-reservieren.de/zulassungsstelle/oelsnitz-vogtland/;/zulassungsstelle/plauen/;
https://www.wunschkennzeichen-reservieren.de/zulassungsstelle/pfaffenhofen-ilm/;/zulassungsstelle/pfaffenhofen-an-der-ilm/;x
https://www.wunschkennzeichen-reservieren.de/zulassungsstelle/reichenbach-im-vogtland/;/zulassungsstelle/plauen/;
https://www.wunschkennzeichen-reservieren.de/zulassungsstelle/rheinfelden-baden/;/zulassungsstelle/rheinfelden/;x
https://www.wunschkennzeichen-reservieren.de/zulassungsstelle/rosenheim-oberbayern/;/zulassungsstelle/rosenheim/;x
https://www.wunschkennzeichen-reservieren.de/zulassungsstelle/rotenburg-fulda/;/zulassungsstelle/rotenburg-an-der-fulda/;x
https://www.wunschkennzeichen-reservieren.de/zulassungsstelle/roth-mittelfranken/;/zulassungsstelle/roth/;
https://www.wunschkennzeichen-reservieren.de/zulassungsstelle/rottenburg-laaber/;/zulassungsstelle/bayern/;
https://www.wunschkennzeichen-reservieren.de/zulassungsstelle/ruedesheim/;/zulassungsstelle/kirn-land/;
https://www.wunschkennzeichen-reservieren.de/zulassungsstelle/saalfeld-saale/;/zulassungsstelle/saalfeld/;x
https://www.wunschkennzeichen-reservieren.de/zulassungsstelle/salzwedel-hansestadt/;/zulassungsstelle/salzwedel/;x
https://www.wunschkennzeichen-reservieren.de/zulassungsstelle/schorndorf-wuerttemberg/;/zulassungsstelle/schorndorf/;x
https://www.wunschkennzeichen-reservieren.de/zulassungsstelle/schwentinental/;/zulassungsstelle/ploen/;
https://www.wunschkennzeichen-reservieren.de/zulassungsstelle/schwerin-mecklenburg/;/zulassungsstelle/schwerin/;x
https://www.wunschkennzeichen-reservieren.de/zulassungsstelle/sonneberg/;/zulassungsstelle/sonneberg-land/;
https://www.wunschkennzeichen-reservieren.de/zulassungsstelle/st-ingbert/;/zulassungsstelle/sankt-ingbert/;x
https://www.wunschkennzeichen-reservieren.de/zulassungsstelle/st-wendel/;/zulassungsstelle/sankt-wendel/;x
https://www.wunschkennzeichen-reservieren.de/zulassungsstelle/stassfurt/;/zulassungsstelle/aschersleben/;
https://www.wunschkennzeichen-reservieren.de/zulassungsstelle/staufenberg-niedersachsen/;/zulassungsstelle/staufenberg/;
https://www.wunschkennzeichen-reservieren.de/zulassungsstelle/sternberger-burg/;/zulassungsstelle/sternberg/;x
https://www.wunschkennzeichen-reservieren.de/zulassungsstelle/stollberg-erzgebirge/;/zulassungsstelle/annaberg-buchholz/;
https://www.wunschkennzeichen-reservieren.de/zulassungsstelle/vohburg-donau/;/zulassungsstelle/vohburg-an-der-donau/;x
https://www.wunschkennzeichen-reservieren.de/zulassungsstelle/wartenberg-hessen/;/zulassungsstelle/alsfeld/;
https://www.wunschkennzeichen-reservieren.de/zulassungsstelle/wasserburg-inn/;/zulassungsstelle/wasserburg-am-inn/;x
https://www.wunschkennzeichen-reservieren.de/zulassungsstelle/weiden-oberpfalz/;/zulassungsstelle/weiden-in-der-oberpfalz/;x
https://www.wunschkennzeichen-reservieren.de/zulassungsstelle/weilheim-oberbayern/;/zulassungsstelle/weilheim-in-oberbayern/;x
https://www.wunschkennzeichen-reservieren.de/zulassungsstelle/weimar-thueringen/;/zulassungsstelle/weimar/;x
https://www.wunschkennzeichen-reservieren.de/zulassungsstelle/weissenburg-bayern/;/zulassungsstelle/weissenburg-in-bayern/;x
https://www.wunschkennzeichen-reservieren.de/zulassungsstelle/weisswasser-oberlausitz/;/zulassungsstelle/goerlitz/;
https://www.wunschkennzeichen-reservieren.de/zulassungsstelle/ziegelhuette-birkweiler/;/zulassungsstelle/landau-in-der-pfalz/;
https://www.wunschkennzeichen-reservieren.de/zulassungsstelle/zossen/;/zulassungsstelle/luckenwalde/;